filename,perplexity,wer,cer
transcribed_base.csv,167.47558828240187,1.0542940118932373,0.9028578317492694
transcribed_robust.csv,167.15219,1.12563,0.89727
