perplexity,wer,cer
167.48,1.0542940118932373,0.9028578317492694
